Application,Examples
Benchmarking reinforcement learning algorithms,":cite:t:`Dhamankar2020,https://doi.org/10.48550/arxiv.2102.00714,PINTO2022118497,NWEYE2022100202,KHAYATIAN2021111334`"
Coordinated energy management,":cite:t:`Glatt2021,Pinto2021,Kathirgamanathan2020,PINTO2021117642,10.1145/3408308.3427604,deltetto2020data,QinYude2022Eofr,10090669`"
Incentive based demand-response,":cite:t:`Deltetto2021,tolovski2020advancing`"
Independent energy management,":cite:t:`https://doi.org/10.48550/arxiv.2301.01148,9302954`"
Meta-learning,":cite:t:`zhang2022metaems`"
Model predictive control,":cite:t:`Sicheng2023`"
Transfer learning,":cite:t:`nweyeMERLINMultiagentOffline2023a`"
Voltage regulation,":cite:t:`PIGOTT2022108521`"